{
    "0": {
        "name": "آرشام",
        "id": "4cad0353a19d",
        "ban": false
    },
    "4cad0353a19d": {
        "name": "آرشام",
        "ban": false,
        "created_at": "2025-08-23 22:57:58",
        "ban_date": null,
        "ban_reason": "",
        "ban_admin": ""
    },
    "1": {
        "name": "ایسل",
        "id": "930f5608c4ab",
        "ban": false
    },
    "930f5608c4ab": {
        "name": "ایسل",
        "ban": false,
        "created_at": "2025-08-23 23:18:06"
    },
    "2": {
        "name": "Hasti",
        "id": "5b6520ea2200",
        "ban": false
    },
    "5b6520ea2200": {
        "name": "Hasti",
        "ban": false,
        "created_at": "2025-08-24 09:55:05"
    },
    "3": {
        "name": "ممد",
        "id": "713178f17111",
        "ban": false
    },
    "713178f17111": {
        "name": "ممد",
        "ban": false,
        "created_at": "2025-08-24 11:27:54"
    },
    "4": {
        "name": "ماهی",
        "id": "1a695afad6e4",
        "ban": false
    },
    "1a695afad6e4": {
        "name": "ماهی",
        "ban": false,
        "created_at": "2025-08-24 11:32:47"
    },
    "5": {
        "name": "رادمان",
        "id": "e03cda8590e5",
        "ban": false
    },
    "e03cda8590e5": {
        "name": "رادمان",
        "ban": false,
        "created_at": "2025-08-24 11:43:06",
        "ban_date": null,
        "ban_reason": "",
        "ban_admin": ""
    },
    "6": {
        "name": "امیرحسین ",
        "id": "8557b26d75ce",
        "ban": false
    },
    "8557b26d75ce": {
        "name": "امیرحسین ",
        "ban": false,
        "created_at": "2025-08-24 11:51:20"
    },
    "7": {
        "name": "امیر ",
        "id": "878dd2dfd1be",
        "ban": false
    },
    "878dd2dfd1be": {
        "name": "امیر ",
        "ban": false,
        "created_at": "2025-08-24 14:29:27"
    },
    "8": {
        "name": "مطهره ",
        "id": "37b613657cff",
        "ban": false
    },
    "37b613657cff": {
        "name": "مطهره ",
        "ban": false,
        "created_at": "2025-08-24 14:50:51"
    },
    "9": {
        "name": "قاسمی",
        "id": "31f30fa2defc",
        "ban": false
    },
    "31f30fa2defc": {
        "name": "قاسمی",
        "ban": false,
        "created_at": "2025-08-24 16:09:00"
    },
    "10": {
        "name": "مهرسا",
        "id": "f3fa742563b4",
        "ban": false
    },
    "f3fa742563b4": {
        "name": "مهرسا",
        "ban": false,
        "created_at": "2025-08-24 18:47:13"
    },
    "11": {
        "name": "نازنیم",
        "id": "389b29579f6c",
        "ban": false
    },
    "389b29579f6c": {
        "name": "نازنیم",
        "ban": false,
        "created_at": "2025-08-24 18:57:33"
    },
    "12": {
        "name": "آرزو",
        "id": "95805fac1225",
        "ban": false
    },
    "95805fac1225": {
        "name": "آرزو",
        "ban": false,
        "created_at": "2025-08-24 18:57:46"
    },
    "13": {
        "name": "مصطفی ",
        "id": "9df4462f448c",
        "ban": false
    },
    "9df4462f448c": {
        "name": "مصطفی ",
        "ban": false,
        "created_at": "2025-08-24 18:58:02"
    },
    "14": {
        "name": "یگانه",
        "id": "3d284aedebcf",
        "ban": false
    },
    "3d284aedebcf": {
        "name": "یگانه",
        "ban": false,
        "created_at": "2025-08-24 19:28:28"
    },
    "15": {
        "name": "Mobi",
        "id": "3b85ad4c441a",
        "ban": false
    },
    "3b85ad4c441a": {
        "name": "Mobi",
        "ban": false,
        "created_at": "2025-08-24 19:43:27"
    },
    "16": {
        "name": "آیلین",
        "id": "da17bc4a43b3",
        "ban": false
    },
    "da17bc4a43b3": {
        "name": "آیلین",
        "ban": false,
        "created_at": "2025-08-24 20:34:10"
    },
    "17": {
        "name": "Mla",
        "id": "d143bf8dc890",
        "ban": false
    },
    "d143bf8dc890": {
        "name": "Mla",
        "ban": false,
        "created_at": "2025-08-24 21:04:54"
    },
    "18": {
        "name": "یاسمن ",
        "id": "b50ba34711b4",
        "ban": false
    },
    "b50ba34711b4": {
        "name": "یاسمن ",
        "ban": false,
        "created_at": "2025-08-24 21:08:02"
    },
    "19": {
        "name": "رادمان ",
        "id": "9fa12cc1ccf6",
        "ban": false
    },
    "9fa12cc1ccf6": {
        "name": "رادمان ",
        "ban": false,
        "created_at": "2025-08-24 21:24:25"
    },
    "20": {
        "name": "محمد خالی",
        "id": "7148448d02b1",
        "ban": false
    },
    "7148448d02b1": {
        "name": "محمد خالی",
        "ban": false,
        "created_at": "2025-08-24 22:01:49"
    },
    "21": {
        "name": "هیام",
        "id": "22461d2b7430",
        "ban": false
    },
    "22461d2b7430": {
        "name": "هیام",
        "ban": false,
        "created_at": "2025-08-24 22:05:34"
    },
    "22": {
        "name": "Mobin",
        "id": "0ac2d863faf6",
        "ban": false
    },
    "0ac2d863faf6": {
        "name": "Mobin",
        "ban": false,
        "created_at": "2025-08-24 22:52:36"
    },
    "23": {
        "name": "Seti",
        "id": "d4f04131e776",
        "ban": false
    },
    "d4f04131e776": {
        "name": "Seti",
        "ban": false,
        "created_at": "2025-08-24 22:53:35"
    },
    "24": {
        "name": "نیوشا ",
        "id": "73ea94d68295",
        "ban": false
    },
    "73ea94d68295": {
        "name": "نیوشا ",
        "ban": false,
        "created_at": "2025-08-24 23:12:19"
    },
    "25": {
        "name": "دیانا ",
        "id": "fc22fd30b7b4",
        "ban": false
    },
    "fc22fd30b7b4": {
        "name": "دیانا ",
        "ban": false,
        "created_at": "2025-08-25 00:16:02"
    },
    "26": {
        "name": "نون خ",
        "id": "76d2990100d8",
        "ban": false
    },
    "76d2990100d8": {
        "name": "نون خ",
        "ban": false,
        "created_at": "2025-08-25 06:54:42"
    },
    "27": {
        "name": "پرناز",
        "id": "fab4c7757677",
        "ban": false
    },
    "fab4c7757677": {
        "name": "پرناز",
        "ban": false,
        "created_at": "2025-08-25 09:00:08"
    },
    "28": {
        "name": "آیلین",
        "id": "1660d13e337a",
        "ban": false
    },
    "1660d13e337a": {
        "name": "آیلین",
        "ban": false,
        "created_at": "2025-08-25 09:36:36"
    },
    "29": {
        "name": "سارا",
        "id": "3daadc876309",
        "ban": false
    },
    "3daadc876309": {
        "name": "سارا",
        "ban": false,
        "created_at": "2025-08-25 16:23:37"
    },
    "30": {
        "name": "پریا",
        "id": "eb1d9cfc4dfc",
        "ban": false
    },
    "eb1d9cfc4dfc": {
        "name": "پریا",
        "ban": false,
        "created_at": "2025-08-25 16:24:22"
    },
    "31": {
        "name": "مهدیس",
        "id": "0f1b24632b89",
        "ban": false
    },
    "0f1b24632b89": {
        "name": "مهدیس",
        "ban": false,
        "created_at": "2025-08-25 16:26:43"
    },
    "32": {
        "name": "Mahdi",
        "id": "0a4f206e8494",
        "ban": false
    },
    "0a4f206e8494": {
        "name": "Mahdi",
        "ban": false,
        "created_at": "2025-08-25 18:42:07"
    },
    "33": {
        "name": "هستی",
        "id": "5e1076503412",
        "ban": false
    },
    "5e1076503412": {
        "name": "هستی",
        "ban": false,
        "created_at": "2025-08-25 20:13:59"
    },
    "34": {
        "name": "ممد",
        "id": "e8c3e646e054",
        "ban": false
    },
    "e8c3e646e054": {
        "name": "ممد",
        "ban": false,
        "created_at": "2025-09-07 21:53:59"
    },
    "35": {
        "name": "Arsham",
        "id": "a63c3684a72d",
        "ban": false
    },
    "a63c3684a72d": {
        "name": "Arsham",
        "ban": false,
        "created_at": "2025-09-16 13:39:05"
    }
}