[
  {"Text": "موفقیت یعنی رفتن از شکستی به شکست دیگر بدون از دست دادن اشتیاق.", "Number": 1},
  {"Text": "برنده‌ها هرگز دست از تلاش نمی‌کشند، و کسانی که تسلیم می‌شوند هرگز برنده نمی‌شوند.", "Number": 2},
  {"Text": "کلید موفقیت این است که هر روز کمی بهتر از دیروز باشید.", "Number": 3},
  {"Text": "اهداف بزرگ، تلاش‌های بزرگ می‌طلبند.", "Number": 4},
  {"Text": "رویاهای بزرگ با اقدامات کوچک شروع می‌شوند.", "Number": 5},
  {"Text": "سخت کار کن، رؤیاهای بزرگ داشته باش و هیچ‌وقت تسلیم نشو.", "Number": 6},
  {"Text": "موفقیت نتیجه‌ی تکرار کارهای کوچک درست است.", "Number": 7},
  {"Text": "هیچ چیز جایگزین سخت‌کوشی نمی‌شود.", "Number": 8},
  {"Text": "اگر می‌خواهی بهترین باشی، باید بیشتر از همه تلاش کنی.", "Number": 9},
  {"Text": "پشتکار نیرویی است که غیرممکن‌ها را ممکن می‌کند.", "Number": 10},
  {"Text": "همیشه امید را در قلبت زنده نگه دار، زیرا آن کلید آینده‌ی روشن است.", "Number": 11},
  {"Text": "هر روز یک شروع جدید است، فرصت‌ها را دریاب!", "Number": 12},
  {"Text": "گاهی شکست یعنی راه دیگری برای رسیدن به موفقیت.", "Number": 13},
  {"Text": "هیچ وقت برای شروع دیر نیست.", "Number": 14},
  {"Text": "بهتر است یک بار شکست بخوری تا اینکه هیچ‌وقت تلاش نکنی.", "Number": 15},
  {"Text": "تصمیمات کوچک می‌توانند تغییرات بزرگی در زندگی ایجاد کنند.", "Number": 16},
  {"Text": "محدودیت‌ها فقط در ذهن تو هستند، از آنها عبور کن.", "Number": 17},
  {"Text": "ورزش ذهن را قوی‌تر از هر دارویی می‌کند.", "Number": 18},
  {"Text": "در هنر و خلاقیت، هیچ مرزی وجود ندارد.", "Number": 19},
  {"Text": "هر نقاشی داستانی از یک ذهن رویاپرداز است.", "Number": 20},
  {"Text": "موسیقی زبان قلب و احساس است.", "Number": 21},
  {"Text": "کارآفرینی یعنی دیدن فرصت‌ها در میان مشکلات.", "Number": 22},
  {"Text": "هیچ ایده‌ای احمقانه نیست، اگر به درستی آن را اجرا کنی.", "Number": 23},
  {"Text": "جسارت، راز موفقیت در کسب‌وکار است.", "Number": 24},
  {"Text": "خلاقیت یعنی دیدن آنچه دیگران نمی‌بینند.", "Number": 25},
  {"Text": "شجاعت یعنی ادامه دادن زمانی که همه چیز سخت است.", "Number": 26},
  {"Text": "کتاب‌ها دریچه‌ای به جهان‌های ناشناخته هستند.", "Number": 27},
  {"Text": "هر داستانی در دل خود درسی برای زندگی دارد.", "Number": 28},
  {"Text": "موفقیت مالی به برنامه‌ریزی هوشمندانه بستگی دارد.", "Number": 29},
  {"Text": "باور کن که هر روز می‌تواند شروعی تازه باشد.", "Number": 30},
  {"Text": "هیچ محدودیتی برای موفقیت وجود ندارد، فقط باید بخواهی.", "Number": 31},
  {"Text": "ورزش نه فقط برای بدن، بلکه برای ذهن نیز مفید است.", "Number": 32},
  {"Text": "هنر راهی برای بیان احساساتی است که کلمات قادر به توصیفشان نیستند.", "Number": 33},
  {"Text": "هیچ رویایی غیرممکن نیست، اگر برای آن تلاش کنی.", "Number": 34},
  {"Text": "راه‌های موفقیت بی‌شمار هستند، فقط باید یکی را انتخاب کنی.", "Number": 35},
  {"Text": "مثبت‌اندیشی قدرتی دارد که می‌تواند مسیر زندگی‌ات را تغییر دهد.", "Number": 36},
  {"Text": "چالش‌ها برای قوی‌تر شدن ما طراحی شده‌اند.", "Number": 37},
  {"Text": "اگر رویاهایت را دنبال کنی، روزی آن‌ها را در آغوش خواهی گرفت.", "Number": 38},
  {"Text": "رهبران واقعی نه‌تنها مسیر را نشان می‌دهند، بلکه خودشان نیز پیشرو هستند.", "Number": 39},
  {"Text": "الهام‌بخش باش، تا دنیا را به جای بهتری تبدیل کنی.", "Number": 40},

  {"Text": "هرگز به چیزی که داری راضی نشو، همیشه برای بهتر شدن تلاش کن.", "Number": 41},
  {"Text": "هر روز فرصتی است برای خلق یک زندگی بهتر.", "Number": 42},
  {"Text": "باور داشته باش که توانایی تغییر دنیا را داری.", "Number": 43},
  {"Text": "هیچ چیزی اتفاقی نیست، همه چیز نتیجه انتخاب‌های توست.", "Number": 44},
  {"Text": "اگر تسلیم نشوی، همیشه راهی پیدا خواهی کرد.", "Number": 45},
  {"Text": "موفقیت زمانی به دست می‌آید که از منطقه امن خود خارج شوی.", "Number": 46},
  {"Text": "اشتیاق و پشتکار قوی‌ترین سلاح برای موفقیت هستند.", "Number": 47},
  {"Text": "چالش‌ها تو را قوی‌تر می‌کنند، از آن‌ها فرار نکن.", "Number": 48},
  {"Text": "کسی که رویاهای بزرگی دارد، به موفقیت‌های بزرگی می‌رسد.", "Number": 49},
  {"Text": "رشد همیشه خارج از منطقه راحتی اتفاق می‌افتد.", "Number": 50},
  {"Text": "تنها چیزی که جلوی موفقیت تو را می‌گیرد، باورهای محدودکننده‌ی خودت هستند.", "Number": 51},
  {"Text": "هیچ‌وقت اجازه نده شرایط بر تصمیم‌های تو حاکم شود، تو مسیر خود را انتخاب کن.", "Number": 52},
  {"Text": "برنامه‌ریزی مسیر موفقیت را هموار می‌کند، همیشه یک نقشه داشته باش.", "Number": 53},
  {"Text": "تو نیرویی برای تغییر در دنیا هستی، از قدرت خودت استفاده کن.", "Number": 54},
  {"Text": "اگر به توانایی‌های خودت باور داشته باشی، هیچ مانعی سد راهت نمی‌شود.", "Number": 55},
  {"Text": "هر روز، یک قدم کوچک به سوی موفقیت بردار.", "Number": 56},
  {"Text": "زندگی کوتاه‌تر از آن است که برای چیزهایی که دوستشان نداری وقت تلف کنی.", "Number": 57},
  {"Text": "از فرصت‌ها نهایت استفاده را ببر، شاید دیگر هیچ‌وقت تکرار نشوند.", "Number": 58},
  {"Text": "تفاوت بین افراد موفق و ناموفق، میزان تعهدشان به رویاهایشان است.", "Number": 59},
  {"Text": "هر روز که از خواب بیدار می‌شوی، یک فرصت جدید برای بهتر شدن داری.", "Number": 60},
  {"Text": "نگرش مثبت، درهای موفقیت را برایت باز می‌کند.", "Number": 61},
  {"Text": "پیشرفت، نتیجه‌ی تکرار و پایداری است.", "Number": 62},
  {"Text": "دنیای اطراف تو بازتابی از باورهای درونی توست.", "Number": 63},
  {"Text": "کاری را که امروز انجام می‌دهی، فردای تو را می‌سازد.", "Number": 64},
  {"Text": "هیچ‌وقت فکر نکن که کافی هستی، همیشه بهتر شدن را انتخاب کن.", "Number": 65},
  {"Text": "همیشه به دنبال یادگیری بیشتر باش، دانستن قدرت است.", "Number": 66},
  {"Text": "اشتیاق واقعی، هر غیرممکنی را ممکن می‌کند.", "Number": 67},
  {"Text": "نگذار شکست‌ها تو را متوقف کنند، از آن‌ها درس بگیر و ادامه بده.", "Number": 68},
  {"Text": "باور کن که تو لیاقت موفقیت را داری، پس برای آن تلاش کن.", "Number": 69},
  {"Text": "به تغییرات بزرگ فکر کن و گام‌های کوچک بردار.", "Number": 70},
  {"Text": "زندگی هیچ‌وقت منتظر تو نمی‌ماند، پس هر روز از آن بهترین استفاده را ببر.", "Number": 71},
  {"Text": "بدترین تصمیمی که می‌توانی بگیری، این است که هیچ تصمیمی نگیری.", "Number": 72},
  {"Text": "هرچقدر بیشتر تلاش کنی، شانس موفقیت تو بیشتر می‌شود.", "Number": 73},
  {"Text": "افراد موفق منتظر اتفاقات خوب نمی‌مانند، آن‌ها خودشان اتفاقات خوب را می‌سازند.", "Number": 74},
  {"Text": "اگر برای چیزی سخت تلاش کنی، نتیجه‌اش را خواهی دید.", "Number": 75},
  {"Text": "هرگز به چیزی که داری راضی نشو، همیشه برای رشد بیشتر بجنگ.", "Number": 76},
  {"Text": "تغییر از درون تو شروع می‌شود، پس باورهایت را بساز.", "Number": 77},
  {"Text": "زندگی با تصمیم‌های کوچک ساخته می‌شود، پس هر روز بهترین تصمیم را بگیر.", "Number": 78},
  {"Text": "باور کن که هیچ چیز غیرممکن نیست، فقط به زمان و تلاش نیاز دارد.", "Number": 79},
  {"Text": "موفقیت چیزی نیست که تصادفی به دست بیاید، باید برای آن بجنگی.", "Number": 80},

  {"Text": "موفقیت هیچ وقت تصادفی نیست، بلکه نتیجه تلاش مداوم است.", "Number": 81},
  {"Text": "ترس از شکست نباید تو را از حرکت بازدارد.", "Number": 82},
  {"Text": "اگر امروز از تلاش دست بکشی، فردا همچنان در همان نقطه خواهی ماند.", "Number": 83},
  {"Text": "افکار مثبت کلید رسیدن به اهداف بزرگ هستند.", "Number": 84},
  {"Text": "هر تغییر بزرگی با یک قدم کوچک شروع می‌شود.", "Number": 85},
  {"Text": "پیشرفت حاصل از ممارست و پشتکار مداوم است.", "Number": 86},
  {"Text": "از مشکلات درس بگیر و آن‌ها را به فرصت تبدیل کن.", "Number": 87},
  {"Text": "موفقیت زمانی اتفاق می‌افتد که از ترس‌های خود عبور کنی.", "Number": 88},
  {"Text": "رویاهات را دنبال کن، هیچ چیز غیرممکن نیست.", "Number": 89},
  {"Text": "یک تصمیم درست می‌تواند مسیر زندگی‌ات را تغییر دهد.", "Number": 90},
  {"Text": "هر روز یک فرصت تازه برای رسیدن به موفقیت است.", "Number": 91},
  {"Text": "حتی سخت‌ترین لحظات می‌توانند آغازی برای موفقیت باشند.", "Number": 92},
  {"Text": "محدودیت‌های ذهنی را کنار بگذار و به جلو حرکت کن.", "Number": 93},
  {"Text": "انگیزه بزرگ‌ترین نیروی محرکه موفقیت است.", "Number": 94},
  {"Text": "زندگی با تصمیم‌های کوچک ساخته می‌شود، پس هر روز بهترین تصمیم را بگیر.", "Number": 95},
  {"Text": "باور داشته باش که توانایی تغییر دنیا را داری.", "Number": 96},
  {"Text": "همیشه در حال یادگیری باش، زیرا دانایی قدرت است.", "Number": 97},
  {"Text": "فرصت‌ها همیشه در اطراف ما هستند، باید یاد بگیری آن‌ها را ببینی.", "Number": 98},
  {"Text": "موفقیت فقط برای کسانی است که حاضرند برای آن بجنگند.", "Number": 99},
  {"Text": "هرگز نگذار گذشته، آینده‌ات را تعیین کند.", "Number": 100},
  {"Text": "با هر چالش، یک فرصت جدید برای رشد می‌آید.", "Number": 101},
  {"Text": "اگر راهی پیدا نمی‌کنی، یکی بساز.", "Number": 102},
  {"Text": "بهترین زمان برای شروع، همین حالاست.", "Number": 103},
  {"Text": "هر شکست، یک درس ارزشمند برای آینده است.", "Number": 104},
  {"Text": "کاری را که امروز انجام می‌دهی، فردای تو را می‌سازد.", "Number": 105},
  {"Text": "رؤیاهای بزرگ نیاز به تعهد بزرگ دارند.", "Number": 106},
  {"Text": "به تغییرات بزرگ فکر کن و گام‌های کوچک بردار.", "Number": 107},
  {"Text": "وقتی به هدفی باور داری، مسیر به سوی آن روشن می‌شود.", "Number": 108},
  {"Text": "هیچ مسیر آسانی به موفقیت وجود ندارد، فقط کسانی که ادامه می‌دهند به آن می‌رسند.", "Number": 109},
  {"Text": "در مواجهه با سختی‌ها، قوی‌تر شو نه تسلیم‌تر.", "Number": 110},
  {"Text": "همیشه به دنبال بهتر شدن باش، نه فقط موفق شدن.", "Number": 111},
  {"Text": "موفقیت نتیجه تصمیم‌های درست و پشتکار است.", "Number": 112},
  {"Text": "اگر چیزی را می‌خواهی، باید برای آن تلاش کنی.", "Number": 113},
  {"Text": "برای رسیدن به قله، باید جاده‌های سخت را طی کنی.", "Number": 114},
  {"Text": "موانع فقط چالش‌هایی برای رشد بیشتر هستند.", "Number": 115},
  {"Text": "موفقیت هیچ وقت به دست نمی‌آید، بلکه ساخته می‌شود.", "Number": 116},
  {"Text": "دنیای اطراف تو بازتابی از باورهای درونی توست.", "Number": 117},
  {"Text": "شجاعت یعنی انجام کاری که از آن می‌ترسی.", "Number": 118},
  {"Text": "پیشرفت نتیجه‌ی تصمیم‌های کوچک و پیوسته است.", "Number": 119},
  {"Text": "هرگز از تلاش کردن دست نکش، موفقیت نزدیک‌تر از چیزی است که فکر می‌کنی.", "Number": 120},


  {"Text": "هیچ مانعی نمی‌تواند جلوی کسی را که ایمان دارد، بگیرد.", "Number": 121},
  {"Text": "موفقیت از دل سختی‌ها زاده می‌شود، نه راحتی.", "Number": 122},
  {"Text": "هر قدمی که برمی‌داری، تو را به رؤیاهایت نزدیک‌تر می‌کند.", "Number": 123},
  {"Text": "ترس فقط یک توهم است، از آن عبور کن و رشد کن.", "Number": 124},
  {"Text": "تنها راز موفقیت، استمرار در مسیر است.", "Number": 125},
  {"Text": "شکست تنها زمانی اتفاق می‌افتد که از تلاش دست بکشی.", "Number": 126},
  {"Text": "زندگی یک سفر است، نه یک مقصد.", "Number": 127},
  {"Text": "با هر تصمیمی که می‌گیری، مسیر زندگی‌ات را شکل می‌دهی.", "Number": 128},
  {"Text": "برای رسیدن به موفقیت، شجاعت تصمیم‌گیری لازم است.", "Number": 129},
  {"Text": "هرگز به کمتر از آنچه که لیاقتش را داری، رضایت نده.", "Number": 130},
  {"Text": "شجاعت یعنی ایستادن در برابر ترس‌های خود.", "Number": 131},
  {"Text": "محدودیت‌ها فقط در ذهن ما هستند، از آنها عبور کن.", "Number": 132},
  {"Text": "همه چیز درون تو شروع می‌شود، ابتدا باور داشته باش.", "Number": 133},
  {"Text": "ذهن باز، مسیرهای جدید را به سوی موفقیت کشف می‌کند.", "Number": 134},
  {"Text": "تو تنها کسی هستی که مسیر خود را تعیین می‌کند.", "Number": 135},
  {"Text": "زندگی کوتاه‌تر از آن است که برای چیزهایی که دوستشان نداری وقت تلف کنی.", "Number": 136},
  {"Text": "هیچ موفقیتی بدون تعهد و تلاش به دست نمی‌آید.", "Number": 137},
  {"Text": "اگر رؤیاهایت را دنبال نکنی، کسی دیگر آن‌ها را محقق خواهد کرد.", "Number": 138},
  {"Text": "باور داشته باش که توانایی تغییر دنیا را داری.", "Number": 139},
  {"Text": "هر روز فرصتی برای ساختن آینده‌ای بهتر است.", "Number": 140},
  {"Text": "هرگز نگذار گذشته، آینده‌ات را تعیین کند.", "Number": 141},
  {"Text": "تنها کسانی که به رویاهایشان ایمان دارند، موفقیت را تجربه می‌کنند.", "Number": 142},
  {"Text": "موفقیت برای کسانی است که تسلیم نمی‌شوند.", "Number": 143},
  {"Text": "هیچ مانعی بزرگ‌تر از اراده‌ی تو نیست.", "Number": 144},
  {"Text": "باور کن که تو لیاقت موفقیت را داری، پس برای آن تلاش کن.", "Number": 145},
  {"Text": "تو قوی‌تر از چالش‌هایی هستی که در مسیرت قرار دارند.", "Number": 146},
  {"Text": "اگر راهی وجود ندارد، یکی بساز.", "Number": 147},
  {"Text": "تمام تغییرات بزرگ از تصمیم‌های کوچک آغاز می‌شود.", "Number": 148},
  {"Text": "زندگی با تصمیم‌های کوچک ساخته می‌شود، پس هر روز بهترین تصمیم را بگیر.", "Number": 149},
  {"Text": "هیچ محدودیتی وجود ندارد، جز محدودیت‌هایی که خودت تعیین می‌کنی.", "Number": 150},
  {"Text": "هر روز یک فرصت تازه برای رسیدن به موفقیت است.", "Number": 151},
  {"Text": "موفقیت فقط برای کسانی است که حاضرند برای آن بجنگند.", "Number": 152},
  {"Text": "نگرش مثبت، درهای موفقیت را برایت باز می‌کند.", "Number": 153},
  {"Text": "هر روز را طوری زندگی کن که فردا به آن افتخار کنی.", "Number": 154},
  {"Text": "برترین‌ها از سختی‌ها عبور می‌کنند، اما افراد عادی تسلیم می‌شوند.", "Number": 155},
  {"Text": "با هر چالش، یک فرصت جدید برای رشد می‌آید.", "Number": 156},
  {"Text": "یادگیری مستمر، کلید رشد و موفقیت است.", "Number": 157},
  {"Text": "هر شکست، یک درس ارزشمند برای آینده است.", "Number": 158},
  {"Text": "زندگی هیچ‌وقت منتظر تو نمی‌ماند، پس هر روز از آن بهترین استفاده را ببر.", "Number": 159},
  {"Text": "تو قدرت تغییر شرایط را داری، فقط باید تصمیم بگیری.", "Number": 160},
  {"Text": "پیشرفت نتیجه‌ی تصمیم‌های کوچک و پیوسته است.", "Number": 161},
  {"Text": "موفقیت فقط برای کسانی است که به مسیرشان ایمان دارند.", "Number": 162},
  {"Text": "اگر باور داشته باشی، دنیا راه را برایت باز خواهد کرد.", "Number": 163},
  {"Text": "دنیای اطراف تو بازتابی از باورهای درونی توست.", "Number": 164},
  {"Text": "هر هدفی که داشته باشی، با تلاش به آن خواهی رسید.", "Number": 165},
  {"Text": "زندگی یعنی انتخاب‌های روزانه، پس بهترین‌ها را انتخاب کن.", "Number": 166},
  {"Text": "تمامی رویاهای بزرگ با یک قدم کوچک شروع می‌شوند.", "Number": 167},
  {"Text": "راز موفقیت در تداوم تلاش نهفته است.", "Number": 168},
  {"Text": "هرگز از تلاش کردن دست نکش، موفقیت نزدیک‌تر از چیزی است که فکر می‌کنی.", "Number": 169},
  {"Text": "هر روز به نسخه‌ی بهتری از خودت تبدیل شو.", "Number": 170},

  {"Text": "هیچ مانعی نمی‌تواند جلوی کسی را که ایمان دارد، بگیرد.", "Number": 171},
  {"Text": "موفقیت از دل سختی‌ها زاده می‌شود، نه راحتی.", "Number": 172},
  {"Text": "هر قدمی که برمی‌داری، تو را به رؤیاهایت نزدیک‌تر می‌کند.", "Number": 173},
  {"Text": "ترس فقط یک توهم است، از آن عبور کن و رشد کن.", "Number": 174},
  {"Text": "تنها راز موفقیت، استمرار در مسیر است.", "Number": 175},
  {"Text": "شکست تنها زمانی اتفاق می‌افتد که از تلاش دست بکشی.", "Number": 176},
  {"Text": "زندگی یک سفر است، نه یک مقصد.", "Number": 177},
  {"Text": "با هر تصمیمی که می‌گیری، مسیر زندگی‌ات را شکل می‌دهی.", "Number": 178},
  {"Text": "برای رسیدن به موفقیت، شجاعت تصمیم‌گیری لازم است.", "Number": 179},
  {"Text": "هرگز به کمتر از آنچه که لیاقتش را داری، رضایت نده.", "Number": 180},
  {"Text": "شجاعت یعنی ایستادن در برابر ترس‌های خود.", "Number": 181},
  {"Text": "محدودیت‌ها فقط در ذهن ما هستند، از آنها عبور کن.", "Number": 182},
  {"Text": "همه چیز درون تو شروع می‌شود، ابتدا باور داشته باش.", "Number": 183},
  {"Text": "ذهن باز، مسیرهای جدید را به سوی موفقیت کشف می‌کند.", "Number": 184},
  {"Text": "تو تنها کسی هستی که مسیر خود را تعیین می‌کند.", "Number": 185},
  {"Text": "زندگی کوتاه‌تر از آن است که برای چیزهایی که دوستشان نداری وقت تلف کنی.", "Number": 186},
  {"Text": "هیچ موفقیتی بدون تعهد و تلاش به دست نمی‌آید.", "Number": 187},
  {"Text": "اگر رؤیاهایت را دنبال نکنی، کسی دیگر آن‌ها را محقق خواهد کرد.", "Number": 188},
  {"Text": "باور داشته باش که توانایی تغییر دنیا را داری.", "Number": 189},
  {"Text": "هر روز فرصتی برای ساختن آینده‌ای بهتر است.", "Number": 190},
  {"Text": "هرگز نگذار گذشته، آینده‌ات را تعیین کند.", "Number": 191},
  {"Text": "تنها کسانی که به رویاهایشان ایمان دارند، موفقیت را تجربه می‌کنند.", "Number": 192},
  {"Text": "موفقیت برای کسانی است که تسلیم نمی‌شوند.", "Number": 193},
  {"Text": "هیچ مانعی بزرگ‌تر از اراده‌ی تو نیست.", "Number": 194},
  {"Text": "باور کن که تو لیاقت موفقیت را داری، پس برای آن تلاش کن.", "Number": 195},
  {"Text": "تو قوی‌تر از چالش‌هایی هستی که در مسیرت قرار دارند.", "Number": 196},
  {"Text": "اگر راهی وجود ندارد، یکی بساز.", "Number": 197},
  {"Text": "تمام تغییرات بزرگ از تصمیم‌های کوچک آغاز می‌شود.", "Number": 198},
  {"Text": "زندگی با تصمیم‌های کوچک ساخته می‌شود، پس هر روز بهترین تصمیم را بگیر.", "Number": 199},
  {"Text": "هیچ محدودیتی وجود ندارد، جز محدودیت‌هایی که خودت تعیین می‌کنی.", "Number": 200},
  {"Text": "هر روز یک فرصت تازه برای رسیدن به موفقیت است.", "Number": 201},
  {"Text": "موفقیت فقط برای کسانی است که حاضرند برای آن بجنگند.", "Number": 202},
  {"Text": "نگرش مثبت، درهای موفقیت را برایت باز می‌کند.", "Number": 203},
  {"Text": "هر روز را طوری زندگی کن که فردا به آن افتخار کنی.", "Number": 204},
  {"Text": "برترین‌ها از سختی‌ها عبور می‌کنند، اما افراد عادی تسلیم می‌شوند.", "Number": 205},
  {"Text": "با هر چالش، یک فرصت جدید برای رشد می‌آید.", "Number": 206},
  {"Text": "یادگیری مستمر، کلید رشد و موفقیت است.", "Number": 207},
  {"Text": "هر شکست، یک درس ارزشمند برای آینده است.", "Number": 208},
  {"Text": "زندگی هیچ‌وقت منتظر تو نمی‌ماند، پس هر روز از آن بهترین استفاده را ببر.", "Number": 209},
  {"Text": "تو قدرت تغییر شرایط را داری، فقط باید تصمیم بگیری.", "Number": 210},
  {"Text": "پیشرفت نتیجه‌ی تصمیم‌های کوچک و پیوسته است.", "Number": 211},
  {"Text": "موفقیت فقط برای کسانی است که به مسیرشان ایمان دارند.", "Number": 212},
  {"Text": "اگر باور داشته باشی، دنیا راه را برایت باز خواهد کرد.", "Number": 213},
  {"Text": "دنیای اطراف تو بازتابی از باورهای درونی توست.", "Number": 214},
  {"Text": "هر هدفی که داشته باشی، با تلاش به آن خواهی رسید.", "Number": 215},
  {"Text": "زندگی یعنی انتخاب‌های روزانه، پس بهترین‌ها را انتخاب کن.", "Number": 216},
  {"Text": "تمامی رویاهای بزرگ با یک قدم کوچک شروع می‌شوند.", "Number": 217},
  {"Text": "راز موفقیت در تداوم تلاش نهفته است.", "Number": 218},
  {"Text": "هرگز از تلاش کردن دست نکش، موفقیت نزدیک‌تر از چیزی است که فکر می‌کنی.", "Number": 219},
  {"Text": "هر روز به نسخه‌ی بهتری از خودت تبدیل شو.", "Number": 220},

  {"Text": "اگر رؤیاهایت را دنبال کنی، روزی آن‌ها را در آغوش خواهی گرفت.", "Number": 221},
  {"Text": "هر روز یک فرصت تازه برای رسیدن به موفقیت است.", "Number": 222},
  {"Text": "موفقیت فقط برای کسانی است که حاضرند برای آن بجنگند.", "Number": 223},
  {"Text": "نگرش مثبت، درهای موفقیت را برایت باز می‌کند.", "Number": 224},
  {"Text": "هر روز را طوری زندگی کن که فردا به آن افتخار کنی.", "Number": 225},
  {"Text": "برای رسیدن به رؤیاهایت، هیچ‌وقت تسلیم نشو.", "Number": 226},
  {"Text": "تو نیرویی برای تغییر داری، فقط باید باور داشته باشی.", "Number": 227},
  {"Text": "بهتر شدن از دیروز، کلید موفقیت مداوم است.", "Number": 228},
  {"Text": "اگر شکست خوردی، دوباره شروع کن؛ این راز موفقیت است.", "Number": 229},
  {"Text": "تو قوی‌تر از چالش‌هایی هستی که در مسیرت قرار دارند.", "Number": 230},
  {"Text": "همیشه رو به جلو حرکت کن، حتی اگر سرعتت کم باشد.", "Number": 231},
  {"Text": "هیچ هدفی دور نیست، فقط زمان و تلاش می‌طلبد.", "Number": 232},
  {"Text": "افکار مثبت، موفقیت را جذب می‌کنند.", "Number": 233},
  {"Text": "هر روز یک شروع تازه است، از آن به بهترین شکل استفاده کن.", "Number": 234},
  {"Text": "هیچ چیزی غیرممکن نیست، فقط باید راه آن را پیدا کنی.", "Number": 235},
  {"Text": "موفقیت فقط متعلق به کسانی است که هرگز از تلاش دست نمی‌کشند.", "Number": 236},
  {"Text": "اگر راهی پیدا نمی‌کنی، خودت یکی بساز.", "Number": 237},
  {"Text": "شجاعت یعنی انجام کاری که از آن می‌ترسی.", "Number": 238},
  {"Text": "از شکست‌ها درس بگیر و آن‌ها را به پله‌های موفقیت تبدیل کن.", "Number": 239},
  {"Text": "برای رسیدن به موفقیت، شجاعت تصمیم‌گیری لازم است.", "Number": 240},
  {"Text": "هیچ مانعی بزرگ‌تر از اراده‌ی تو نیست.", "Number": 241},
  {"Text": "باور کن که تو لیاقت موفقیت را داری، پس برای آن تلاش کن.", "Number": 242},
  {"Text": "زندگی با تصمیم‌های کوچک ساخته می‌شود، پس هر روز بهترین تصمیم را بگیر.", "Number": 243},
  {"Text": "هیچ محدودیتی وجود ندارد، جز محدودیت‌هایی که خودت تعیین می‌کنی.", "Number": 244},
  {"Text": "موفقیت هیچ وقت تصادفی نیست، بلکه نتیجه تلاش مداوم است.", "Number": 245},
  {"Text": "ترس از شکست نباید تو را از حرکت بازدارد.", "Number": 246},
  {"Text": "موفقیت از دل سختی‌ها زاده می‌شود، نه راحتی.", "Number": 247},
  {"Text": "هر قدمی که برمی‌داری، تو را به رؤیاهایت نزدیک‌تر می‌کند.", "Number": 248},
  {"Text": "هرگز نگذار شرایط بر تصمیم‌های تو حاکم شود، تو مسیر خود را انتخاب کن.", "Number": 249},
  {"Text": "هرگز به کمتر از آنچه که لیاقتش را داری، رضایت نده.", "Number": 250},
  {"Text": "تنها راز موفقیت، استمرار در مسیر است.", "Number": 251},
  {"Text": "به تغییرات بزرگ فکر کن و گام‌های کوچک بردار.", "Number": 252},
  {"Text": "موفقیت زمانی اتفاق می‌افتد که از ترس‌های خود عبور کنی.", "Number": 253},
  {"Text": "هر روز یک فرصت تازه برای ساختن آینده‌ای بهتر است.", "Number": 254},
  {"Text": "هر شکست، یک درس ارزشمند برای آینده است.", "Number": 255},
  {"Text": "زندگی هیچ‌وقت منتظر تو نمی‌ماند، پس هر روز از آن بهترین استفاده را ببر.", "Number": 256},
  {"Text": "هر چیزی که بتوانی تصور کنی، می‌توانی به آن دست پیدا کنی.", "Number": 257},
  {"Text": "افراد موفق منتظر اتفاقات خوب نمی‌مانند، آن‌ها خودشان اتفاقات خوب را می‌سازند.", "Number": 258},
  {"Text": "اگر برای چیزی سخت تلاش کنی، نتیجه‌اش را خواهی دید.", "Number": 259},
  {"Text": "هیچ رویایی غیرممکن نیست، اگر برای آن تلاش کنی.", "Number": 260},
  {"Text": "راه‌های موفقیت بی‌شمار هستند، فقط باید یکی را انتخاب کنی.", "Number": 261},
  {"Text": "چالش‌ها برای قوی‌تر شدن ما طراحی شده‌اند.", "Number": 262},
  {"Text": "بزرگ‌ترین سرمایه تو، ذهنیت توست.", "Number": 263},
  {"Text": "هر روز را طوری زندگی کن که فردا به آن افتخار کنی.", "Number": 264},
  {"Text": "برای رسیدن به موفقیت، اشتیاق را از دست نده.", "Number": 265},
  {"Text": "زندگی یک سفر است، نه یک مقصد.", "Number": 266},
  {"Text": "یادگیری مستمر، کلید رشد و موفقیت است.", "Number": 267},
  {"Text": "هر روز به نسخه‌ی بهتری از خودت تبدیل شو.", "Number": 268},
  {"Text": "شکست تنها زمانی اتفاق می‌افتد که از تلاش دست بکشی.", "Number": 269},
  {"Text": "تو قدرت تغییر شرایط را داری، فقط باید تصمیم بگیری.", "Number": 270},
  {"Text": "هرگز به چیزی که داری راضی نشو، همیشه برای رشد بیشتر بجنگ.", "Number": 271},
  {"Text": "تمامی رویاهای بزرگ با یک قدم کوچک شروع می‌شوند.", "Number": 272},
  {"Text": "راز موفقیت در تداوم تلاش نهفته است.", "Number": 273},
  {"Text": "هر روز فرصتی است برای خلق یک زندگی بهتر.", "Number": 274},
  {"Text": "باور داشته باش که توانایی تغییر دنیا را داری.", "Number": 275},
  {"Text": "هر چیزی که بتوانی تصور کنی، می‌توانی به آن دست پیدا کنی.", "Number": 276},
  {"Text": "هرگز از تلاش کردن دست نکش، موفقیت نزدیک‌تر از چیزی است که فکر می‌کنی.", "Number": 277},
  {"Text": "تمام تغییرات بزرگ از تصمیم‌های کوچک آغاز می‌شود.", "Number": 278},
  {"Text": "هیچ مسیر آسانی به موفقیت وجود ندارد، فقط کسانی که ادامه می‌دهند به آن می‌رسند.", "Number": 279},
  {"Text": "در مواجهه با سختی‌ها، قوی‌تر شو نه تسلیم‌تر.", "Number": 280},

  {"Text": "موفقیت همیشه از جایی آغاز می‌شود که راحتی پایان می‌یابد.", "Number": 281},
  {"Text": "هر روز فرصتی است برای بهتر شدن نسبت به دیروز.", "Number": 282},
  {"Text": "به خودت باور داشته باش، هیچ چیز غیرممکن نیست.", "Number": 283},
  {"Text": "هیچ هدفی دور نیست، فقط باید به سمت آن گام برداری.", "Number": 284},
  {"Text": "برای رسیدن به قله باید از مسیرهای دشوار عبور کنی.", "Number": 285},
  {"Text": "همیشه تلاش کن تا نسخه بهتری از خودت باشی.", "Number": 286},
  {"Text": "ترس را کنار بگذار و با شجاعت به جلو برو.", "Number": 287},
  {"Text": "موفقیت حاصل ایمان، اراده و پشتکار است.", "Number": 288},
  {"Text": "هیچ‌وقت اجازه نده گذشته، آینده‌ات را محدود کند.", "Number": 289},
  {"Text": "افراد موفق منتظر فرصت‌ها نمی‌مانند، آن‌ها خودشان فرصت‌ها را می‌سازند.", "Number": 290},
  {"Text": "به رشد و پیشرفت ادامه بده، حتی زمانی که سختی‌ها وجود دارند.", "Number": 291},
  {"Text": "گاهی تنها کاری که باید انجام دهی، این است که یک قدم برداری.", "Number": 292},
  {"Text": "زندگی یک سفر است، نه یک مقصد. از مسیرت لذت ببر.", "Number": 293},
  {"Text": "موفقیت زمانی اتفاق می‌افتد که دست از تلاش نکشی.", "Number": 294},
  {"Text": "اگر یک در بسته شد، همیشه راه دیگری وجود دارد.", "Number": 295},
  {"Text": "درون تو نیرویی وجود دارد که می‌تواند دنیا را تغییر دهد.", "Number": 296},
  {"Text": "هیچ موفقیتی بدون پشتکار و مداومت حاصل نمی‌شود.", "Number": 297},
  {"Text": "هر روز را مانند فرصتی برای یادگیری ببین.", "Number": 298},
  {"Text": "به رؤیاهایت ایمان داشته باش، آن‌ها راه را نشان خواهند داد.", "Number": 299},
  {"Text": "اگر می‌خواهی به چیزی برسی، باید برای آن بجنگی.", "Number": 300},
  {"Text": "هر مسیر دشواری، روزی خاطره‌ای از موفقیت خواهد شد.", "Number": 301},
  {"Text": "لحظات سخت، قوی‌ترین افراد را می‌سازند.", "Number": 302},
  {"Text": "پیشرفت در گرو یادگیری مداوم و ارتقای مهارت‌هاست.", "Number": 303},
  {"Text": "بهتر است یک بار شکست بخوری تا اینکه هیچ‌وقت تلاش نکنی.", "Number": 304},
  {"Text": "تمامی پیروزی‌های بزرگ از قدم‌های کوچک آغاز می‌شوند.", "Number": 305},
  {"Text": "افکار مثبت، مسیر موفقیت را هموار می‌کنند.", "Number": 306},
  {"Text": "بزرگ‌ترین مانع موفقیت، ترس از شکست است.", "Number": 307},
  {"Text": "همه چیز ممکن است، فقط باید راه درست را پیدا کنی.", "Number": 308},
  {"Text": "موفقیت برای کسانی است که تسلیم نمی‌شوند.", "Number": 309},
  {"Text": "تمامی تغییرات از یک تصمیم آغاز می‌شود.", "Number": 310},
  {"Text": "هر روز فرصتی جدید برای رسیدن به اهداف است.", "Number": 311},
  {"Text": "افراد موفق به جای فرار از سختی‌ها، با آن‌ها روبه‌رو می‌شوند.", "Number": 312},
  {"Text": "هر شکست، درسی برای آینده است.", "Number": 313},
  {"Text": "شکست یعنی تجربه، تجربه یعنی رشد.", "Number": 314},
  {"Text": "هیچ چیزی تصادفی نیست، هر تصمیمی زندگی تو را شکل می‌دهد.", "Number": 315},
  {"Text": "باور کن که موفقیت فقط یک تصمیم دور از تو است.", "Number": 316},
  {"Text": "هر روز یک شروع جدید است، فرصت‌ها را دریاب!", "Number": 317},
  {"Text": "موفقیت زمانی اتفاق می‌افتد که از منطقه راحتی خارج شوی.", "Number": 318},
  {"Text": "فرصت‌ها همیشه در اطراف ما هستند، باید یاد بگیری آن‌ها را ببینی.", "Number": 319},
  {"Text": "محدودیت‌ها فقط ساخته‌ی ذهن ما هستند.", "Number": 320},
  {"Text": "رویاهات را فراموش نکن، آن‌ها دلیل تلاش تو هستند.", "Number": 321},
  {"Text": "پشتکار نیرویی است که غیرممکن‌ها را ممکن می‌کند.", "Number": 322},
  {"Text": "به تغییرات بزرگ فکر کن و گام‌های کوچک بردار.", "Number": 323},
  {"Text": "اگر راهی وجود ندارد، یکی بساز.", "Number": 324},
  {"Text": "موفقیت فقط برای کسانی است که به مسیرشان ایمان دارند.", "Number": 325},
  {"Text": "هیچ چیزی غیرممکن نیست، فقط زمان و تلاش می‌طلبد.", "Number": 326},
  {"Text": "تفاوت بین افراد موفق و ناموفق، میزان تعهدشان به رویاهایشان است.", "Number": 327},
  {"Text": "موانع فقط چالش‌هایی برای رشد بیشتر هستند.", "Number": 328},
  {"Text": "هر اقدام کوچک، تو را به هدفت نزدیک‌تر می‌کند.", "Number": 329},
  {"Text": "از سختی‌ها استقبال کن، آن‌ها تو را قدرتمندتر خواهند کرد.", "Number": 330},
  {"Text": "زندگی هیچ‌وقت منتظر تو نمی‌ماند، پس هر روز از آن بهترین استفاده را ببر.", "Number": 331},
  {"Text": "همیشه بهترین نسخه خودت باش.", "Number": 332},
  {"Text": "در دل هر چالش، یک فرصت نهفته است.", "Number": 333},
  {"Text": "موفقیت یعنی ایستادگی در لحظاتی که همه چیز سخت است.", "Number": 334},
  {"Text": "باور کن که هیچ چیز غیرممکن نیست، فقط باید اقدام کنی.", "Number": 335},
  {"Text": "هر روز فرصت جدیدی برای شروعی تازه است.", "Number": 336},
  {"Text": "از شکست‌های دیروز، پلی به سوی موفقیت بساز.", "Number": 337},
  {"Text": "هیچ چیزی با انتظار کشیدن تغییر نمی‌کند، باید اقدام کرد.", "Number": 338},
  {"Text": "هیچ هدفی بدون تلاش و برنامه‌ریزی قابل دسترسی نیست.", "Number": 339},
  {"Text": "برای رسیدن به رؤیاهایت، هیچ‌وقت تسلیم نشو.", "Number": 340},
  {"Text": "زندگی کوتاه‌تر از آن است که برای چیزهایی که دوستشان نداری وقت تلف کنی.", "Number": 341},
  {"Text": "هیچ موفقیتی بدون تعهد و تلاش به دست نمی‌آید.", "Number": 342},
  {"Text": "افکار مثبت، موفقیت را جذب می‌کنند.", "Number": 343},
  {"Text": "دست از یادگیری نکش، زیرا زندگی یعنی رشد.", "Number": 344},
  {"Text": "هر مسیر دشواری، روزی خاطره‌ای از موفقیت خواهد شد.", "Number": 345},
  {"Text": "بهتر شدن از دیروز، کلید موفقیت مداوم است.", "Number": 346},
  {"Text": "اگر شکست خوردی، دوباره شروع کن؛ این راز موفقیت است.", "Number": 347},
  {"Text": "زندگی کوتاه است، برای چیزی که دوست داری بجنگ.", "Number": 348},
  {"Text": "ترس از شکست نباید تو را از حرکت بازدارد.", "Number": 349},
  {"Text": "شجاعت یعنی ادامه دادن زمانی که همه چیز سخت است.", "Number": 350},

  {"Text": "موفقیت یک سفر است، نه یک مقصد؛ از مسیر لذت ببر.", "Number": 351},
  {"Text": "هیچ‌چیز غیرممکن نیست، فقط باید راه درست را پیدا کنی.", "Number": 352},
  {"Text": "نگرش مثبت، بزرگ‌ترین سرمایه در مسیر موفقیت است.", "Number": 353},
  {"Text": "برای رسیدن به رؤیاهایت، باید هر روز یک قدم برداری.", "Number": 354},
  {"Text": "هیچ محدودیتی برای رشد وجود ندارد، مگر آن‌هایی که خودت تعیین می‌کنی.", "Number": 355},
  {"Text": "هر روز فرصت تازه‌ای برای بهتر شدن است.", "Number": 356},
  {"Text": "اگر شکست خوردی، به عنوان یک درس از آن استفاده کن.", "Number": 357},
  {"Text": "هیچ مانعی بزرگ‌تر از باورهای محدودکننده‌ی خودت نیست.", "Number": 358},
  {"Text": "تنها کسی که می‌تواند تو را متوقف کند، خودت هستی.", "Number": 359},
  {"Text": "افراد موفق راه‌حل پیدا می‌کنند، نه بهانه.", "Number": 360},
  {"Text": "پیشرفت از دل سختی‌ها شکل می‌گیرد.", "Number": 361},
  {"Text": "از فرصت‌ها استفاده کن، شاید هیچ‌وقت دوباره تکرار نشوند.", "Number": 362},
  {"Text": "هر روز یک شروع تازه است؛ از آن به بهترین شکل استفاده کن.", "Number": 363},
  {"Text": "شجاعت یعنی حرکت به سمت هدف، حتی زمانی که همه چیز دشوار است.", "Number": 364},
  {"Text": "هر لحظه، فرصتی برای ساختن آینده‌ی بهتر است.", "Number": 365},
  {"Text": "هیچ مسیری بدون چالش نیست، اما هر چالش یک فرصت است.", "Number": 366},
  {"Text": "موفقیت فقط برای کسانی است که تسلیم نمی‌شوند.", "Number": 367},
  {"Text": "برای رسیدن به موفقیت، باید مسیر را با شجاعت ادامه دهی.", "Number": 368},
  {"Text": "هر روز را به عنوان فرصتی برای یادگیری ببین.", "Number": 369},
  {"Text": "برای رسیدن به رؤیاهایت، هرگز از تلاش دست نکش.", "Number": 370},
  {"Text": "یک تصمیم درست، مسیر زندگی تو را تغییر می‌دهد.", "Number": 371},
  {"Text": "باور کن که تو نیرویی برای تغییر داری.", "Number": 372},
  {"Text": "پشتکار، نیرویی است که غیرممکن‌ها را ممکن می‌کند.", "Number": 373},
  {"Text": "هیچ موفقیتی بدون تعهد و تلاش حاصل نمی‌شود.", "Number": 374},
  {"Text": "هر روز فرصتی برای رشد و بهتر شدن است.", "Number": 375},
  {"Text": "از شکست‌های دیروز، برای موفقیت‌های فردا درس بگیر.", "Number": 376},
  {"Text": "زندگی یک سفر است، نه یک مقصد.", "Number": 377},
  {"Text": "همه چیز ممکن است، اگر باور داشته باشی.", "Number": 378},
  {"Text": "از اشتباهاتت درس بگیر، آن‌ها پل‌های موفقیت هستند.", "Number": 379},
  {"Text": "افراد موفق منتظر شرایط عالی نمی‌مانند، آن‌ها خودشان شرایط عالی را ایجاد می‌کنند.", "Number": 380},
  {"Text": "بهتر شدن از دیروز، کلید موفقیت مداوم است.", "Number": 381},
  {"Text": "هیچ چیزی تصادفی نیست، هر تصمیمی زندگی تو را شکل می‌دهد.", "Number": 382},
  {"Text": "اگر راهی پیدا نمی‌کنی، خودت یکی بساز.", "Number": 383},
  {"Text": "زندگی کوتاه است، برای چیزی که دوست داری بجنگ.", "Number": 384},
  {"Text": "تو تنها کسی هستی که مسیر خود را تعیین می‌کند.", "Number": 385},
  {"Text": "تنها کسانی که به رویاهایشان ایمان دارند، موفقیت را تجربه می‌کنند.", "Number": 386},
  {"Text": "هیچ هدفی بدون تلاش و برنامه‌ریزی قابل دسترسی نیست.", "Number": 387},
  {"Text": "باور کن که موفقیت فقط یک تصمیم دور از تو است.", "Number": 388},
  {"Text": "هر روز یک فرصت تازه برای رسیدن به اهداف است.", "Number": 389},
  {"Text": "هیچ محدودیتی وجود ندارد، جز محدودیت‌هایی که خودت تعیین می‌کنی.", "Number": 390},
  {"Text": "پیشرفت از دل یادگیری مداوم و تجربه حاصل می‌شود.", "Number": 391},
  {"Text": "موفقیت نتیجه‌ی تصمیم‌های درست و پشتکار است.", "Number": 392},
  {"Text": "افکار مثبت، مسیر موفقیت را هموار می‌کنند.", "Number": 393},
  {"Text": "اگر می‌خواهی به چیزی برسی، باید برای آن بجنگی.", "Number": 394},
  {"Text": "برای رسیدن به رؤیاهایت، هیچ‌وقت تسلیم نشو.", "Number": 395},
  {"Text": "همیشه بهترین نسخه خودت باش.", "Number": 396},
  {"Text": "ترس از شکست نباید تو را از حرکت بازدارد.", "Number": 397},
  {"Text": "هیچ موفقیتی بدون پشتکار و مداومت حاصل نمی‌شود.", "Number": 398},
  {"Text": "زندگی هیچ‌وقت منتظر تو نمی‌ماند، پس هر روز از آن بهترین استفاده را ببر.", "Number": 399},
  {"Text": "هر مسیر دشواری، روزی خاطره‌ای از موفقیت خواهد شد.", "Number": 400},
  {"Text": "یادگیری مستمر، کلید رشد و موفقیت است.", "Number": 401},
  {"Text": "هر روز یک شروع تازه است؛ از آن به بهترین شکل استفاده کن.", "Number": 402},
  {"Text": "موفقیت برای کسانی است که تسلیم نمی‌شوند.", "Number": 403},
  {"Text": "تمامی تغییرات از یک تصمیم آغاز می‌شود.", "Number": 404},
  {"Text": "برای رسیدن به موفقیت، شجاعت تصمیم‌گیری لازم است.", "Number": 405},
  {"Text": "با هر چالش، یک فرصت جدید برای رشد می‌آید.", "Number": 406},
  {"Text": "بهتر است یک بار شکست بخوری تا اینکه هیچ‌وقت تلاش نکنی.", "Number": 407},
  {"Text": "هر شکست، یک درس ارزشمند برای آینده است.", "Number": 408},
  {"Text": "افکار مثبت، موفقیت را جذب می‌کنند.", "Number": 409},
  {"Text": "بزرگ‌ترین مانع موفقیت، ترس از شکست است.", "Number": 410},
  {"Text": "موفقیت هیچ‌وقت آسان نیست، اما همیشه ارزشش را دارد.", "Number": 411},
  {"Text": "به رشد و پیشرفت ادامه بده، حتی زمانی که سختی‌ها وجود دارند.", "Number": 412},
  {"Text": "هیچ مسیر آسانی به موفقیت وجود ندارد، فقط کسانی که ادامه می‌دهند به آن می‌رسند.", "Number": 413},
  {"Text": "اگر شکست خوردی، دوباره شروع کن؛ این راز موفقیت است.", "Number": 414},
  {"Text": "شجاعت یعنی ادامه دادن زمانی که همه چیز سخت است.", "Number": 415},
  {"Text": "به تغییرات بزرگ فکر کن و گام‌های کوچک بردار.", "Number": 416},
  {"Text": "هر روز فرصتی برای ساختن آینده‌ای بهتر است.", "Number": 417},
  {"Text": "هر روز فرصت جدیدی برای شروعی تازه است.", "Number": 418},
  {"Text": "تمامی رویاهای بزرگ با یک قدم کوچک شروع می‌شوند.", "Number": 419},
  {"Text": "از شکست‌های دیروز، پلی به سوی موفقیت بساز.", "Number": 420}
]